forecasting,model,MAPE,MAE,RMSE
short-term,VQC + MPL,0.25274682919139413,0.10758243325765164,0.13908089361921697
short-term,VQC (indep.),0.04805728718215358,0.02393801781462124,0.036656597665730206
long-term,VQC + MPL,0.15203182115716624,0.06544107370317234,0.09188499065898716
