forecasting,model,MAPE,MAE,RMSE
short-term,VQC + MPL,0.25274682919139413,0.10758243325765164,0.13908089361921697
short-term,VQC (indep.),0.04805728718215358,0.02393801781462124,0.036656597665730206
long-term,VQC + MPL,0.15203182115716624,0.06544107370317234,0.09188499065898716
short-term,Dense Enc (obs),0.12284560539732825,0.05846140731080603,0.10673247611873465
short-term,Dense Enc (qubits),0.129245022049211,0.06256000450614901,0.10664777213155942
short-term,Enc-VQC-Dec,0.21047046383560328,0.08611326966241435,0.11106467355090684
long-term,Enc-VQC-Dec,0.2860517778924305,0.11709412554803438,0.14529338853768886
